id;start_date;end_date;language
1;2024-09-02T20:33:22;2024-09-02T20:18:48;SPANISH
2;2024-09-02T05:39:27;2024-09-03T00:45:57;FRENCH
3;2024-09-02T12:12:23;2024-09-02T23:57:27;ENGLISH
4;2024-09-02T11:26:12;2024-09-02T10:19:58;SPANISH
5;2024-09-02T22:35:02;2024-09-02T18:21:23;FRENCH
6;2024-09-03T03:48:18;2024-09-02T14:06:33;SPANISH
7;2024-09-02T14:31:50;2024-09-02T11:00:01;FRENCH
8;2024-09-03T03:21:42;2024-09-03T00:08:59;FRENCH
9;2024-09-02T10:15:42;2024-09-02T15:18:09;ENGLISH
10;2024-09-02T12:10:43;2024-09-02T14:49:42;SPANISH
